file,doc_key,date_filed,label,sha256
2000-07-03_000110796600000020_0001107966-00-000020-0004.txt,789851/000110796600000020/0001107966-00-000020-0004.txt,2000-07-03,services,b3bffb1cf0a1ac7e13b5f2c05976a7fa85350cc12122d788819ca98b71cd4de0
2000-07-03_000110796600000020_0001107966-00-000020-0005.txt,789851/000110796600000020/0001107966-00-000020-0005.txt,2000-07-03,employment,a5a9ee4e9d582436c3310876ca5d57dd0c8e52edc74d075f1c60d9a88e09a66a
2000-07-03_000110796600000020_0001107966-00-000020-0006.txt,789851/000110796600000020/0001107966-00-000020-0006.txt,2000-07-03,employment,66f713439a4fee05c17f787c301440db7b748a779daef9b8d69cfd7e9afdd979
2000-07-03_000110796600000020_0001107966-00-000020-0007.txt,789851/000110796600000020/0001107966-00-000020-0007.txt,2000-07-03,employment,5ea975c5ff731aef02abbdf9b60959aea17c2b53c51209cc64a34e197d8956db
2000-07-03_000110796600000020_0001107966-00-000020-0008.txt,789851/000110796600000020/0001107966-00-000020-0008.txt,2000-07-03,employment,14b1c90fd8dbc11b6acf2c547bd7fbae8f3781a7a60ef537cd9fcad9b709f843
2000-07-03_000110796600000020_0001107966-00-000020-0009.txt,789851/000110796600000020/0001107966-00-000020-0009.txt,2000-07-03,employment,4f72c76c174702b86dd629088902ed47929c2234c69e1bde961d9cd386163cb0
2000-07-03_000110796600000020_0001107966-00-000020-0010.txt,789851/000110796600000020/0001107966-00-000020-0010.txt,2000-07-03,services,8b640fafb3e16432467214a6a28902d72ec3b5a982b77353118759831a0292bd
2000-07-03_000110796600000020_0001107966-00-000020-0011.txt,789851/000110796600000020/0001107966-00-000020-0011.txt,2000-07-03,services,b066c74b16c2e7313ccab706c5cf0c8fdc779d92722bafbb5cd81fc3fbaa6353
2000-07-03_000110796600000020_0001107966-00-000020-0012.txt,789851/000110796600000020/0001107966-00-000020-0012.txt,2000-07-03,purchase,5cb8104ac108410a2c4e027c3f1414a32ade460665493605413f12571c5e9388
2000-08-09_000110796600000023_0001107966-00-000023-0002.txt,789851/000110796600000023/0001107966-00-000023-0002.txt,2000-08-09,security,aed5bcfb99e55aadcd11796514028a37727c41faf01506d40cb7c7706db2d74f
2000-08-09_000110796600000023_0001107966-00-000023-0003.txt,789851/000110796600000023/0001107966-00-000023-0003.txt,2000-08-09,employment,4ce00a2ea73d4a0704a09350a176e150531b45f28bb05e1d604aba8216cb66cd
2000-08-09_000110796600000023_0001107966-00-000023-0004.txt,789851/000110796600000023/0001107966-00-000023-0004.txt,2000-08-09,employment,d187efe7029ed4d7863cd1b0f49c1a90553b75fb445a649346e0ecc7f7379b2e
2000-08-09_000110796600000023_0001107966-00-000023-0005.txt,789851/000110796600000023/0001107966-00-000023-0005.txt,2000-08-09,employment,378e6474a48ef689a9541f36b96f70c4baf14aac74831cfb704b078f78546061
2000-08-09_000110796600000023_0001107966-00-000023-0006.txt,789851/000110796600000023/0001107966-00-000023-0006.txt,2000-08-09,employment,8137f684947dfe385459bef6cdcaa15946b35be79334a996f4c528fb6cee3a0a
2000-08-09_000110796600000023_0001107966-00-000023-0007.txt,789851/000110796600000023/0001107966-00-000023-0007.txt,2000-08-09,security,5f78f6e344dcda1977898cb9e6d7b655bdf8b640bb745a36b2208fa9132abe91
2000-09-14_000110796600000030_0001107966-00-000030-0005.txt,789851/000110796600000030/0001107966-00-000030-0005.txt,2000-09-14,employment,cb7604839032f0d659cfb56fbaa09fa5e84a632c0a3b0ce0379849286a335d96
2000-09-14_000110796600000030_0001107966-00-000030-0006.txt,789851/000110796600000030/0001107966-00-000030-0006.txt,2000-09-14,services,ad71e3d9a777d9d90047ee7f4da5c069793c1673153830be33889682aa3f3e4b
2000-10-06_000103883800000629_0001038838-00-000629-0004.txt,789851/000103883800000629/0001038838-00-000629-0004.txt,2000-10-06,services,54e6f02daba1cd56c0b7c5431ed5c6bd0aa0f81c557cf4e03d518bcfe19cdf9f
2000-10-24_000103883800000657_0001038838-00-000657-0005.txt,789851/000103883800000657/0001038838-00-000657-0005.txt,2000-10-24,employment,ec15d85b3eac1aaee4c5ca051e3117dbb9f12ba46eeceeb05c1b16c8768c47a9
2000-10-24_000103883800000657_0001038838-00-000657-0006.txt,789851/000103883800000657/0001038838-00-000657-0006.txt,2000-10-24,employment,291e15155e416cc2ba2facf8f67ee5054e3b6b8c09ebd46830972d2514ea8bc1
2000-12-07_000103883800000788_0001038838-00-000788-0002.txt,789851/000103883800000788/0001038838-00-000788-0002.txt,2000-12-07,purchase,6572b8fb12beb6d1883f67fa2807ab6e48725d33a299751047b470ad6ea867c7
2001-01-26_000093173101000024_0000931731-01-000024-0002.txt,789851/000093173101000024/0000931731-01-000024-0002.txt,2001-01-26,security,6edf7c3a6ef9ab200f7b2a537f6bce2c22d0ac4539d3e04f4291f56516a45135
2001-03-30_000093066101000875_0000930661-01-000875-0002.txt,789851/000093066101000875/0000930661-01-000875-0002.txt,2001-03-30,employment,02c400ef7128bfe2c64b48d5f1596d6ef0280a81f614058ac3d9ae82cd3b5d65
2001-03-30_000093066101000875_0000930661-01-000875-0003.txt,789851/000093066101000875/0000930661-01-000875-0003.txt,2001-03-30,employment,d0b904a0c403565b66bec64904013504fd426710605dbb4a0e7e87d9d1951161
2002-02-15_000091205702006582_a2071174zex-2_1.txt,789851/000091205702006582/a2071174zex-2_1.txt,2002-02-15,purchase,4aa61fc97a363ed1a01d5245e1e6023e8caa3d956073235d9e34671f0413a924
2002-04-23_000091205702016139_a2077663zex-10_1.txt,789851/000091205702016139/a2077663zex-10_1.txt,2002-04-23,employment,77c44696a3fc23fdaf52a6e63cf82b209153fdbda24a5b675afd080134d68420
2002-04-23_000091205702016139_a2077663zex-10_2.txt,789851/000091205702016139/a2077663zex-10_2.txt,2002-04-23,employment,844443d1dcda33f08163b5874c5979b68ae2c4736f03d895e365c264e8535a4c
2002-04-23_000091205702016139_a2077663zex-10_3.txt,789851/000091205702016139/a2077663zex-10_3.txt,2002-04-23,employment,c005d24ecae8c31cf02363e90b2f5df6eb95cf0a95fe2695d6a82011fadd4a17
2002-04-23_000091205702016139_a2077663zex-10_4.txt,789851/000091205702016139/a2077663zex-10_4.txt,2002-04-23,employment,2168fa1f25332e5a0afddf6ec66f78ee7f58bdd494df0692cdc92ac36bcbdbb7
2002-04-23_000091205702016139_a2077663zex-10_5.txt,789851/000091205702016139/a2077663zex-10_5.txt,2002-04-23,security,bea37ecdfe7f53e128c5a0568c32870a18430d0229c05e83fddcbd414efe27b8
2002-04-23_000091205702016139_a2077663zex-10_6.txt,789851/000091205702016139/a2077663zex-10_6.txt,2002-04-23,security,ef04818671ba7bc7c0f3e5459305a285eeab8ef0536badd9b1465bf652911159
2002-04-23_000091205702016139_a2077663zex-10_7.txt,789851/000091205702016139/a2077663zex-10_7.txt,2002-04-23,employment,fa58e3840a18a81cca11546a4ac759a6f4f667e21a1182b675d2d9ab5506f380
2002-04-30_000091205702017332_a2078140zex-10_1.txt,789851/000091205702017332/a2078140zex-10_1.txt,2002-04-30,services,0eb3d51232d50ccb981d9252a743d6ff560229aff36a369f20391e9316a62ba4
2002-04-30_000091205702017332_a2078140zex-10_2.txt,789851/000091205702017332/a2078140zex-10_2.txt,2002-04-30,services,4c4395b54d001f5ae1f020106d82e287e6f2881fd5389b38c9ad3f806f411160
2002-04-30_000091205702017332_a2078140zex-10_3.txt,789851/000091205702017332/a2078140zex-10_3.txt,2002-04-30,shareholder,e4b76245cf09d875db09e34a858be6eb9d881d9620641da76039f270e08b17f6
2002-04-30_000091205702017332_a2078140zex-10_4.txt,789851/000091205702017332/a2078140zex-10_4.txt,2002-04-30,shareholder,03646bc028b1856ccc6caa5c514e1a5f0e736985b18eb42a384c2a1df3b7251d
2002-05-16_000091205702020894_a2080197zex-10_11.txt,789851/000091205702020894/a2080197zex-10_11.txt,2002-05-16,lease,7a3545373f0fc505ae6b18ba8ba76b145af60232f591b0ff63b03d0762eb68ca
2002-08-13_000091205702031456_a2086642zex-10_4.txt,789851/000091205702031456/a2086642zex-10_4.htm,2002-08-13,services,b4190c9a26377e50aed851cf69af6eec436ee8ea579130189ac6b919de7645f4
2002-08-13_000091205702031456_a2086642zex-10_5.txt,789851/000091205702031456/a2086642zex-10_5.htm,2002-08-13,services,0b455f977f440a870b50149057f2a2fd3ab317347a3da92adaef4184373f52a3
2002-08-13_000091205702031456_a2086642zex-10_6.txt,789851/000091205702031456/a2086642zex-10_6.htm,2002-08-13,services,86b1dec95b412cae641dd61ceeee80289cff9cfbe08698a841b00f4c21b66170
2002-08-13_000091205702031456_a2086642zex-10_7.txt,789851/000091205702031456/a2086642zex-10_7.htm,2002-08-13,services,e6d4df6d62112c80ba05f378f3f065bfe11b077f09f2ad40671d22e74882f5d7
2002-11-12_000091205702041744_a2093072zex-10_1.txt,789851/000091205702041744/a2093072zex-10_1.txt,2002-11-12,purchase,caa68b644386caef8919381cff1b2ca12b0998d7062a86c3815ef843c90b08a3
2002-11-12_000091205702041744_a2093072zex-10_2.txt,789851/000091205702041744/a2093072zex-10_2.txt,2002-11-12,security,7ae97beeee0dcd154773f47bdab060427a4227584fcb51d0728120a860f7387e
2002-11-12_000091205702041744_a2093072zex-10_3.txt,789851/000091205702041744/a2093072zex-10_3.txt,2002-11-12,shareholder,816beae3a22c559fb635f467b6503beee977998c853b55cc34a6db1cfeafc0ad
2002-11-12_000091205702041744_a2093072zex-10_4.txt,789851/000091205702041744/a2093072zex-10_4.txt,2002-11-12,shareholder,2a165a40f6e85c887d4fc3e48b111d5a74aecfce14b9ef8e554fc8c03036b747
2002-11-14_000091205702042318_a2093403zex-10_5.txt,789851/000091205702042318/a2093403zex-10_5.htm,2002-11-14,services,e18031c7b268da1c9b71e794dd9675ac00adf1630877dcd8e7dc4d90970e62c8
2003-01-31_000104746903003540_a2101843zex-10_1.txt,789851/000104746903003540/a2101843zex-10_1.htm,2003-01-31,purchase,e9e7bf621f7b35b14382535fcfcc4eaccc6572bfe1ff26f5e5c0d82a6bbed468
2003-01-31_000104746903003540_a2101843zex-10_2.txt,789851/000104746903003540/a2101843zex-10_2.htm,2003-01-31,security,bc315bbf4398e9531b4a37affaa1ab006888259913a84e438f38967950bc6cf9
2003-01-31_000104746903003540_a2101843zex-10_5.txt,789851/000104746903003540/a2101843zex-10_5.htm,2003-01-31,lease,172d324582084e77296c3e65b3fa373c049586a995f6d8a14d096e2d5ac96d72
2003-01-31_000104746903003540_a2101843zex-10_6.txt,789851/000104746903003540/a2101843zex-10_6.htm,2003-01-31,services,ba0c56fc88ef4d0890ef304c4f189884c2c18b57bf2b7868efc8e43d05f94482
2003-03-25_000110465903004830_j8766_ex10d5.txt,789851/000110465903004830/j8766_ex10d5.htm,2003-03-25,services,39d91257d22707d1a4d54412ac0a2a08a55badbcaaa5df8bb96a67a9d693a72d
2003-03-31_000104746903011149_a2106977zex-10_19.txt,789851/000104746903011149/a2106977zex-10_19.htm,2003-03-31,employment,3f78f851051d94ca79e94d20484f3eb615dff2459dda65f5e2780fda4707236f
2003-03-31_000104746903011149_a2106977zex-10_20.txt,789851/000104746903011149/a2106977zex-10_20.htm,2003-03-31,employment,bbcfa9c09744ad13f9af94473800dec3178dd5b6b39b8d6cc6dc21d01b4eecc1
2003-03-31_000104746903011149_a2106977zex-10_21.txt,789851/000104746903011149/a2106977zex-10_21.htm,2003-03-31,employment,2c5032c82fd49cd35a28cca473f809d9cf9db8c137cb5ebe55934ec0b04cef40
2003-03-31_000104746903011149_a2106977zex-10_22.txt,789851/000104746903011149/a2106977zex-10_22.htm,2003-03-31,employment,7a88787539aa38bdc372b2e8815009da430995e50c0db249c18fbe32cc025e45
2003-03-31_000104746903011149_a2106977zex-10_23.txt,789851/000104746903011149/a2106977zex-10_23.htm,2003-03-31,employment,65f79bdfac7ae89218421cdfa5dffc92b4769bbc18049ea920b11c177ac6f8fd
2003-03-31_000104746903011149_a2106977zex-10_24.txt,789851/000104746903011149/a2106977zex-10_24.htm,2003-03-31,security,312e68479be2d026032dd31fb10f46ca7bad8f3d0dbab6e6511c914307665883
2003-05-15_000110465903010225_j1040_ex10d6.txt,789851/000110465903010225/j1040_ex10d6.htm,2003-05-15,lease,fe7e3fa91b6670b93098e33ba336c53999d5b143d8fd09fba69f9ea40bac17bc
2003-05-15_000110465903010225_j1040_ex10d7.txt,789851/000110465903010225/j1040_ex10d7.htm,2003-05-15,services,a8623e14564f844ffbcee9ae6f14ccb8bdae753bb7d276d28b09f98a03b669b4
2003-08-14_000078985103000012_exh10_1.txt,789851/000078985103000012/exh10_1.htm,2003-08-14,security,a3bb392aa3b59a2f7ff057e15036111852de51d8cbda8ecfaf215c8205835b78
2003-08-14_000078985103000012_exh10_2.txt,789851/000078985103000012/exh10_2.htm,2003-08-14,security,6854726010ed96f83796043facc411e22f7c1e766292b7701d73ebc45cac2235
2003-08-14_000078985103000012_exh10_3.txt,789851/000078985103000012/exh10_3.htm,2003-08-14,services,64ad65452452564c70f167afe61e6732f3f33d1f3e1d23692c8aa750c9e76f9a
2003-08-14_000078985103000012_exh10_4.txt,789851/000078985103000012/exh10_4.htm,2003-08-14,services,b2574d8967be1f8f046405a7da024bf91a3b37d9c6dd4d7319faa79df7f64a05
2003-10-14_000078985103000014_exh10_1.txt,789851/000078985103000014/exh10_1.htm,2003-10-14,security,0b6b6a903765cdc443d9f0156c0c3d0f94b76e6dcace366adc59cd6561372fe7
2003-10-14_000078985103000014_exh10_2.txt,789851/000078985103000014/exh10_2.htm,2003-10-14,shareholder,1c11d41f9e3f5d675f3bf7a30675d6dfd3fe3edca69a110acc5dd5047276eed1
2003-10-14_000078985103000014_exh10_3.txt,789851/000078985103000014/exh10_3.htm,2003-10-14,shareholder,d6fc8adcefbaa0c602b37c1b8d16281b3359668e50111053af0f7f79154e898c
2003-10-14_000078985103000014_exh10_4.txt,789851/000078985103000014/exh10_4.htm,2003-10-14,security,dd6bf10425c5f0bf4a465e90420c5af7092d8ff8b344ca84c055baff86d3af38
2003-10-14_000078985103000014_exh10_5.txt,789851/000078985103000014/exh10_5.htm,2003-10-14,security,1238f15fd68be7885ccdc5de060e49250f315d463cadafbe711a1087e815753c
2003-11-14_000078985103000018_exh10_6.txt,789851/000078985103000018/exh10_6.htm,2003-11-14,purchase,60741b57f17b1536bfc0e29e2d66786e0f2f76a391a203024bfb59bf7a742475
2003-11-14_000078985103000018_exh10_7.txt,789851/000078985103000018/exh10_7.htm,2003-11-14,na,3f99e0abca9b7369ba92c3c252b9b6de23eb7c4e7f4c598a6036c395ebf02cfd
2003-11-14_000078985103000018_exh10_8.txt,789851/000078985103000018/exh10_8.htm,2003-11-14,employment,e5d147da6adb57e0e73638fb4af6fb96ded1fb535749e110243c0bfcad9848c4
2003-11-14_000078985103000018_exh10_9.txt,789851/000078985103000018/exh10_9.htm,2003-11-14,employment,96a7d88c4c1d124e98d1e36973bc09d7ccf12365f12ae634995f99307acd3885
2004-03-30_000078985104000002_exh10_37.txt,789851/000078985104000002/exh10_37.htm,2004-03-30,services,1f2407ff8fa15f274fca1018f5828b2fbeff92cbb38eec59a0c3102ce5be3ac2
2004-03-30_000078985104000002_exh10_38.txt,789851/000078985104000002/exh10_38.htm,2004-03-30,lease,5d06383b7081d41c6cf5c8bf15b99bd77c50e3239f50f281097ea09b274f2d74
2004-03-30_000078985104000002_exh10_39.txt,789851/000078985104000002/exh10_39.htm,2004-03-30,security,f95ac6fb64c9305a00ba44c1dbfecdcd8a5b030fc101c50b16e63cb2100acad8
2004-03-30_000078985104000002_exh10_8.txt,789851/000078985104000002/exh10_8.htm,2004-03-30,security,8d7a0a85a7b435dc10fbd9d0fa18ab6797cb6520a0c640f3a193a49bbfd83f82
2004-03-30_000078985104000002_exh10_9.txt,789851/000078985104000002/exh10_9.htm,2004-03-30,security,d19e19cfc3611d514dde41e57fc24adc716ebb8cfd2bbd87dc9cc692ea69fd21
2004-05-17_000078985104000018_exh10_1.txt,789851/000078985104000018/exh10_1.htm,2004-05-17,services,d91b0c435d0c15a0ee2711f4c4f78c907770a2b9054d3fdbfd1590a7ceb4c817
2004-05-17_000078985104000018_exh10_2.txt,789851/000078985104000018/exh10_2.htm,2004-05-17,services,3819bb8e89ad6db17dd84d6786a296908959928d6dd2225d198c7723a0129958
2004-06-30_000078985104000023_exh10_1.txt,789851/000078985104000023/exh10_1.htm,2004-06-30,security,b95aeed550f5944f6e29f83baea48c53839ad7741a46bed5d81253ac76fccf26
2004-06-30_000078985104000023_exh10_2.txt,789851/000078985104000023/exh10_2.htm,2004-06-30,shareholder,4bdfbab54a6f865941cfd34408b2ca2816af549a10ca0f3195a225e01f39fcce
2004-06-30_000078985104000023_exh10_3.txt,789851/000078985104000023/exh10_3.htm,2004-06-30,shareholder,0fb63cbab46e4c7b110c9ad4218bd33ce3ef699f422fc4549563ecf51cfe02b0
2004-06-30_000078985104000023_exh10_4.txt,789851/000078985104000023/exh10_4.htm,2004-06-30,shareholder,0f0dd54f53b5526673138e79eee96303834731e38901976aaa7c4c43e04543ab
2004-06-30_000078985104000023_exh10_5.txt,789851/000078985104000023/exh10_5.htm,2004-06-30,security,eecd9948d29a5063845a5d6ccfa881fee30fe5197d8bf90cf014d46094b37d75
2004-06-30_000078985104000023_exh10_6.txt,789851/000078985104000023/exh10_6.htm,2004-06-30,shareholder,b38f24aa3c0fb0dd5f16fc59b30f8693cc26a877621fd7126ef81b271d8a8a68
2004-08-16_000078985104000028_exh10_1.txt,789851/000078985104000028/exh10_1.htm,2004-08-16,purchase,7caf9df9a7e43bae3b44326943407e620d38ef74eea5ea0c7f931a09daeb505b
2004-08-16_000078985104000028_exh10_2.txt,789851/000078985104000028/exh10_2.htm,2004-08-16,services,7ea99024050ed255acb4a4dccff6844606cdf29275bc113093f34066dcf549fd
2004-08-16_000078985104000028_exh10_3.txt,789851/000078985104000028/exh10_3.htm,2004-08-16,employment,838b71daef188a48f73fa7dc6e769d3aa0cc147c0ec7cb67e267bcdaca1d09dc
2004-10-13_000078985104000034_exh_10.txt,789851/000078985104000034/exh_10.htm,2004-10-13,security,6da8f583291cd6599f0c027569aac66e7c654a8c2bcede30d0df4d95e588e3cb
2005-03-31_000078985105000005_exh10_32.txt,789851/000078985105000005/exh10_32.htm,2005-03-31,purchase,d618fe2392bf76e5ba192e0a8ebcff3aa1742f78c46fe80e46ab591ac94a7078
2005-03-31_000078985105000005_exh10_5.txt,789851/000078985105000005/exh10_5.htm,2005-03-31,employment,a1fd00035e35b57d22a86b2e6a89eac5aff9226d991816c9d79b84a0423a6961
2005-05-03_000078985105000009_exh10_1.txt,789851/000078985105000009/exh10_1.htm,2005-05-03,purchase,e1f2356ba1177cd65880f63c661e070ced0b9593a1fed2f05cbe67cefa9b3f18
2005-05-03_000078985105000009_exh10_2.txt,789851/000078985105000009/exh10_2.htm,2005-05-03,employment,a5d53c3529aaf43fc7b680272a8f8d22e5317201fafaad4bf3f6d649f28a2432
2005-05-03_000078985105000009_exh10_3.txt,789851/000078985105000009/exh10_3.htm,2005-05-03,purchase,587535abfe9a9c26ea62ec656caaf78db6ed9b3004f62d6ebce0570e939943f4
2005-06-06_000078985105000027_exh10_1.txt,789851/000078985105000027/exh10_1.htm,2005-06-06,employment,3295d5763565e7265273462cbdfbf4f6465315012dcb95742fff0fe8875718ee
2005-08-15_000078985105000037_exh10_1.txt,789851/000078985105000037/exh10_1.htm,2005-08-15,employment,d635267f641e026c045764e97354e5fb2cce9648283afddf8297a8d014a9295d
2006-01-06_000078985106000002_exh10_1.txt,789851/000078985106000002/exh10_1.htm,2006-01-06,security,91841a8e1f7f3ccc0b234d6318901354b29750bff116d89174a2884efd706203
2006-04-03_000078985106000021_exh10_39.txt,789851/000078985106000021/exh10_39.htm,2006-04-03,security,3d7230bf23a0f6730cdb8d2e6117dcfdc8efd6b3b71f06c1e2d2c0e7a8e88d01
2006-04-03_000078985106000021_exh10_40.txt,789851/000078985106000021/exh10_40.htm,2006-04-03,shareholder,1236febe25155397b6ea0eb6e2a7d17b30f4166ebb05dba6ad2002eea445b2b8
2006-05-22_000101968706001302_vitalstream_8k-ex1001.txt,789851/000101968706001302/vitalstream_8k-ex1001.htm,2006-05-22,purchase,c01c3f5defc874850a87e8b047a0eda9e50b7d26f0ce70d7cb09cf857f7a8d26
